topic,negative,positive
-1,19965,28345
0,0,2442
1,1004,674
2,660,384
3,0,1035
4,0,662
5,543,9
6,28,418
7,324,87
8,0,372
9,0,358
10,163,182
11,14,315
12,44,281
13,148,163
14,295,5
15,0,283
16,276,3
17,0,273
18,24,245
19,0,269
20,62,203
21,0,251
22,117,119
23,209,24
24,51,170
25,27,189
26,0,212
27,82,128
28,48,162
29,0,209
30,0,204
31,6,190
32,176,20
33,167,23
34,39,149
35,2,181
36,2,180
37,167,13
38,129,49
39,12,159
40,135,34
41,0,168
42,0,166
43,138,21
44,0,159
45,1,157
46,53,101
47,99,55
48,3,146
49,103,41
50,130,14
51,9,134
52,0,142
53,117,25
54,141,0
55,54,86
56,57,83
57,135,3
58,0,138
59,15,121
60,0,135
61,0,134
62,10,121
63,1,130
64,95,36
65,27,103
66,15,115
67,9,119
68,93,35
69,100,27
70,7,120
71,3,123
72,31,94
73,64,59
74,24,99
75,92,31
76,100,23
77,119,4
78,1,120
79,112,8
80,38,82
81,109,11
82,109,10
83,0,116
84,0,116
85,0,115
86,4,110
87,4,110
88,111,1
89,1,111
90,75,37
91,0,111
92,2,107
93,46,62
94,19,88
95,98,8
96,93,13
97,97,8
98,6,99
99,1,103
100,5,99
101,104,0
102,23,81
103,2,102
104,101,3
105,1,102
106,0,101
107,0,101
108,0,101
109,1,99
110,0,99
111,0,99
112,78,20
113,1,97
114,2,95
115,4,93
116,64,33
117,95,1
118,68,28
119,3,92
120,65,29
121,88,6
122,1,93
123,16,78
124,2,91
125,14,79
126,82,10
127,6,86
128,0,92
129,6,86
130,85,6
131,1,90
132,11,79
133,1,89
134,84,6
135,85,5
136,0,89
137,12,76
138,83,5
139,79,9
140,3,85
141,0,88
142,0,87
143,0,87
144,67,20
145,74,13
146,0,86
147,1,85
148,52,34
149,3,82
150,81,4
151,79,6
152,13,72
153,0,85
154,0,85
155,0,84
156,4,80
157,68,16
158,0,84
159,82,2
160,15,69
161,4,79
162,19,64
163,1,82
164,0,83
165,0,83
166,82,1
167,0,82
168,78,4
169,9,72
170,79,2
171,77,4
172,61,20
173,2,79
174,0,80
175,5,75
176,59,21
177,30,50
178,57,23
179,3,76
180,74,5
181,3,76
182,60,18
183,52,26
184,68,10
185,6,72
186,0,78
187,35,43
188,2,75
189,0,77
190,0,76
191,2,74
192,0,76
193,0,76
194,1,74
195,71,4
196,7,68
197,1,73
198,0,74
199,1,73
200,3,71
201,72,2
202,56,18
203,0,73
204,0,73
205,0,73
206,52,21
207,8,65
208,0,72
209,10,62
210,0,72
211,1,71
212,0,72
213,2,70
214,0,71
215,65,6
216,67,4
217,0,71
218,66,5
219,2,69
220,63,8
221,0,70
222,51,19
223,70,0
224,0,70
225,0,70
226,2,67
227,0,69
228,60,9
229,2,67
230,64,5
231,0,69
232,61,8
233,60,9
234,0,69
235,18,50
236,0,68
237,0,68
238,0,68
239,0,68
240,0,68
241,0,68
242,0,68
243,0,68
244,2,66
245,2,66
246,0,68
247,0,68
248,0,67
249,0,67
250,0,67
251,44,23
252,2,65
253,3,64
254,0,67
255,0,67
256,2,65
257,0,67
258,12,55
259,9,57
260,59,7
261,0,66
262,7,59
263,40,26
264,0,66
265,1,65
266,0,66
267,1,65
268,0,66
269,0,66
270,0,66
271,66,0
272,0,66
273,0,65
274,3,62
275,0,65
276,0,65
277,56,9
278,0,65
279,0,65
280,0,65
281,0,65
282,0,65
283,0,65
284,4,61
285,12,53
286,1,63
287,58,6
288,56,8
289,0,64
290,0,64
291,0,64
292,0,64
293,0,64
294,0,64
295,1,63
296,0,64
297,0,64
298,2,62
299,59,5
300,54,10
301,0,64
302,0,64
303,0,64
304,0,64
305,0,64
306,11,53
307,53,11
308,0,63
309,0,63
310,0,63
311,0,63
312,0,63
313,0,63
314,0,63
315,0,63
316,57,6
317,0,63
318,0,63
319,37,26
320,1,62
321,0,63
322,61,1
323,8,54
324,0,62
325,0,62
326,0,62
327,0,62
328,0,62
329,0,62
330,0,62
331,0,62
332,0,62
333,33,29
334,50,12
335,0,62
336,0,62
337,55,7
338,0,62
339,0,62
340,0,61
341,0,61
342,0,61
343,0,61
344,0,61
345,0,61
346,61,0
347,0,61
348,60,1
349,0,61
350,25,36
351,0,61
352,0,61
353,0,61
354,1,60
355,60,1
356,54,7
357,0,61
358,0,61
359,0,61
360,1,60
361,0,60
362,0,60
363,56,4
364,0,60
365,0,60
366,0,60
367,36,24
368,1,59
369,35,25
370,0,60
371,0,60
372,0,60
373,40,20
374,0,60
375,0,60
376,0,60
377,0,60
378,0,60
379,0,60
380,0,60
381,0,60
382,0,60
383,47,13
384,1,59
385,57,3
386,0,60
387,0,60
388,0,59
389,0,59
390,0,59
391,0,59
392,0,59
393,0,59
394,0,59
395,5,54
396,1,58
397,0,59
398,0,59
399,0,59
400,48,11
401,0,59
402,0,59
403,0,59
404,0,59
405,2,57
406,0,59
407,0,58
408,5,53
409,40,18
410,0,58
411,0,58
412,0,58
413,0,58
414,0,58
415,0,58
416,0,58
417,0,58
418,0,58
419,0,58
420,0,58
421,0,58
422,0,58
423,0,58
424,0,58
425,0,58
426,0,58
427,0,58
428,0,58
429,0,58
430,0,58
431,0,58
432,0,58
433,33,25
434,0,58
435,0,57
436,0,57
437,0,57
438,0,57
439,0,57
440,31,26
441,10,47
442,0,57
443,0,57
444,0,57
445,0,57
446,0,57
447,0,57
448,0,57
449,0,57
450,0,57
451,0,57
452,0,57
453,57,0
454,0,57
455,0,57
456,0,57
457,0,57
458,0,57
459,49,8
460,0,57
461,0,57
462,0,57
463,0,57
464,0,56
465,0,56
466,0,56
467,55,1
468,31,25
469,0,56
470,0,56
471,0,56
472,53,3
473,0,56
474,0,56
475,37,19
476,0,56
477,0,56
478,0,56
479,0,56
480,15,41
481,0,56
482,0,56
483,31,25
484,1,55
485,2,54
486,0,56
487,0,56
488,0,56
489,0,56
490,0,56
491,37,18
492,0,55
493,0,55
494,0,55
495,0,55
496,0,55
497,0,55
498,0,55
499,0,55
500,0,55
501,0,55
502,0,55
503,0,55
504,0,55
505,0,55
506,0,55
507,0,55
508,0,55
509,0,55
510,0,55
511,34,21
512,0,55
513,16,39
514,0,55
515,0,55
516,1,54
517,0,55
518,0,55
519,46,9
520,0,55
521,0,55
522,0,54
523,0,54
524,0,54
525,0,54
526,0,54
527,0,54
528,0,54
529,0,54
530,0,54
531,0,54
532,44,10
533,53,1
534,0,54
535,0,54
536,0,54
537,0,54
538,0,54
539,0,54
540,0,54
541,0,54
542,0,54
543,0,54
544,9,45
545,25,29
546,0,54
547,0,54
548,50,4
549,0,54
550,0,54
551,3,51
552,0,54
553,17,37
554,0,54
555,0,54
556,2,52
557,0,54
558,0,54
559,0,53
560,0,53
561,3,50
562,0,53
563,0,53
564,0,53
565,0,53
566,0,53
567,0,53
568,0,53
569,0,53
570,0,53
571,0,53
572,0,53
573,0,53
574,0,53
575,0,53
576,0,53
577,0,53
578,0,53
579,0,53
580,0,53
581,0,53
582,26,27
583,4,49
584,0,53
585,0,53
586,0,53
587,0,53
588,43,10
589,0,53
590,0,53
591,0,53
592,0,53
593,0,53
594,0,53
595,0,53
596,0,53
597,0,53
598,0,52
599,0,52
600,0,52
601,0,52
602,0,52
603,0,52
604,0,52
605,0,52
606,0,52
607,0,52
608,0,52
609,0,52
610,0,52
611,0,52
612,0,52
613,0,52
614,0,52
615,0,52
616,37,15
617,0,52
618,0,52
619,0,52
620,0,52
621,0,52
622,0,52
623,0,52
624,0,52
625,0,52
626,22,30
627,0,52
628,26,26
629,0,52
630,3,49
631,0,52
632,0,52
633,0,52
634,13,38
635,47,4
636,45,6
637,0,51
638,0,51
639,0,51
640,0,51
641,0,51
642,0,51
643,0,51
644,0,51
645,0,51
646,0,51
647,0,51
648,0,51
649,0,51
650,0,51
651,51,0
652,0,51
653,0,51
654,0,51
655,0,51
656,0,51
657,0,51
658,0,51
659,0,51
660,0,51
661,0,51
662,0,51
663,0,51
664,0,51
665,0,51
666,0,51
667,0,51
668,0,51
669,0,51
670,0,51
671,0,51
672,0,51
673,47,4
674,0,51
675,0,51
676,0,51
677,0,51
678,0,51
679,0,51
680,0,51
681,0,51
682,0,51
683,0,51
684,0,51
685,0,51
686,0,50
687,0,50
688,0,50
689,50,0
690,0,50
691,0,50
692,0,50
693,0,50
694,0,50
695,20,30
696,0,50
697,0,50
698,0,50
699,0,50
700,0,50
701,0,50
702,0,50
703,2,48
704,39,11
705,45,5
706,0,50
707,0,50
708,0,50
709,0,50
710,0,50
711,0,50
712,0,50
713,0,50
714,0,50
715,0,50
716,0,50
717,0,50
718,0,50
719,0,50
720,49,1
721,0,50
722,0,50
723,35,15
724,0,50
725,0,50
726,43,7
727,1,49
728,0,50
729,0,50
730,0,50
731,0,50
732,0,50
733,0,50
734,0,50
735,0,50
736,0,50
737,0,50
738,0,49
739,0,49
740,0,49
741,0,49
742,37,12
743,0,49
744,26,23
745,0,49
746,0,49
747,11,38
748,29,20
749,0,49
750,1,48
751,0,49
752,0,49
753,4,45
754,0,49
755,0,49
756,17,32
757,0,49
758,0,49
759,0,49
760,0,49
761,0,49
762,48,1
763,0,49
764,0,49
765,0,49
766,0,49
767,2,47
768,0,49
769,0,49
770,20,29
771,0,49
772,0,49
773,2,47
774,0,49
775,0,49
776,0,49
777,0,49
778,0,49
779,0,49
780,12,37
781,0,49
782,0,49
783,0,49
784,0,49
785,0,49
786,0,49
787,0,49
788,0,49
789,0,49
790,36,12
791,0,48
792,0,48
793,15,33
794,0,48
795,0,48
796,0,48
797,0,48
798,0,48
799,0,48
800,2,46
801,0,48
802,0,48
803,0,48
804,0,48
805,0,48
806,39,9
807,0,48
808,0,48
809,0,48
810,0,48
811,0,48
812,0,48
813,0,48
814,2,46
815,1,47
816,0,48
817,14,34
818,0,48
819,0,48
820,38,10
821,0,48
822,0,48
823,0,48
824,1,47
825,0,48
826,0,48
827,0,48
828,0,48
829,0,48
830,0,48
831,4,44
832,0,48
833,0,48
834,0,48
835,0,48
836,0,48
837,0,48
838,0,48
839,0,48
840,9,39
841,0,48
842,0,48
843,0,48
844,2,46
845,0,48
846,38,10
847,0,48
848,0,48
849,0,48
850,0,48
851,0,48
852,0,48
853,0,48
854,0,48
855,29,19
856,0,47
857,0,47
858,0,47
859,0,47
860,0,47
861,0,47
862,32,15
863,0,47
864,0,47
865,0,47
866,7,40
867,0,47
868,0,47
869,0,47
870,0,47
871,0,47
872,0,47
873,0,47
874,0,47
875,0,47
876,0,47
877,0,47
878,0,47
879,0,47
880,15,32
881,0,47
882,46,1
883,0,47
884,0,47
885,0,47
886,4,43
887,0,47
888,0,47
889,0,47
890,47,0
891,0,47
892,0,47
893,0,47
894,0,47
895,0,47
896,0,47
897,0,47
898,47,0
899,0,47
900,0,47
901,0,47
902,0,47
903,0,47
904,0,47
905,0,47
906,1,46
907,0,47
908,0,47
909,1,46
910,0,47
911,0,46
912,0,46
913,0,46
914,0,46
915,0,46
916,0,46
917,0,46
918,0,46
919,0,46
920,0,46
921,0,46
922,0,46
923,0,46
924,0,46
925,0,46
926,0,46
927,0,46
928,0,46
929,0,46
930,0,46
931,0,46
932,44,2
933,0,46
934,0,46
935,44,2
936,0,46
937,0,46
938,0,46
939,0,46
940,0,46
941,0,46
942,0,46
943,0,46
944,0,46
945,0,46
946,3,43
947,24,22
948,0,46
949,2,44
950,0,46
951,35,11
952,0,46
953,0,46
954,0,46
955,0,46
956,0,46
957,0,46
958,0,46
959,12,34
960,0,46
961,0,46
962,0,46
963,0,46
964,0,46
965,0,46
966,0,46
967,0,46
968,0,46
969,0,46
970,0,46
971,0,46
972,0,45
973,3,42
974,45,0
975,1,44
976,0,45
977,38,7
978,41,4
979,0,45
980,31,14
981,0,45
982,0,45
983,45,0
984,0,45
985,0,45
986,0,45
987,0,45
988,0,45
989,0,45
990,0,45
991,0,45
992,0,45
993,0,45
994,0,45
995,0,45
996,0,45
997,43,2
998,0,45
999,0,45
1000,0,45
1001,41,4
1002,0,45
1003,0,45
1004,0,45
1005,2,43
1006,0,45
1007,0,45
1008,1,44
1009,0,45
1010,0,45
1011,0,45
1012,0,45
1013,0,45
1014,0,45
1015,0,45
1016,14,31
1017,0,45
1018,40,5
1019,6,39
1020,0,45
1021,0,45
1022,0,45
1023,0,45
1024,0,45
1025,36,9
1026,0,45
1027,0,45
1028,0,45
1029,0,45
1030,0,45
1031,0,44
1032,0,44
1033,34,10
1034,0,44
1035,38,6
1036,1,43
1037,0,44
1038,0,44
1039,0,44
1040,0,44
1041,0,44
1042,0,44
1043,0,44
1044,0,44
1045,0,44
1046,0,44
1047,0,44
1048,0,44
1049,0,44
1050,0,44
1051,9,35
1052,41,3
1053,0,44
1054,0,44
1055,0,44
1056,0,44
1057,0,44
1058,0,44
1059,0,44
1060,0,44
1061,0,44
1062,31,13
1063,0,44
1064,0,44
1065,0,44
1066,0,44
1067,0,44
1068,0,44
1069,1,43
1070,0,44
1071,0,44
1072,0,44
1073,0,44
1074,43,1
1075,0,44
1076,0,44
1077,1,43
1078,0,44
1079,0,44
1080,0,44
1081,0,44
1082,0,44
1083,0,44
1084,44,0
1085,0,44
1086,3,41
1087,0,44
1088,0,44
1089,0,44
1090,1,42
1091,0,43
1092,0,43
1093,0,43
1094,41,2
1095,0,43
1096,0,43
1097,0,43
1098,0,43
1099,0,43
1100,0,43
1101,0,43
1102,0,43
1103,0,43
1104,0,43
1105,0,43
1106,0,43
1107,13,30
1108,0,43
1109,0,43
1110,0,43
1111,0,43
1112,36,7
1113,13,30
1114,0,43
1115,0,43
1116,0,43
1117,0,43
1118,24,19
1119,0,43
1120,0,43
1121,0,43
1122,0,43
1123,43,0
1124,40,3
1125,0,43
1126,0,43
1127,0,43
1128,0,43
1129,0,43
1130,1,42
1131,0,43
1132,0,43
1133,0,43
1134,0,43
1135,0,43
1136,0,43
1137,0,43
1138,3,40
1139,3,40
1140,40,3
1141,0,43
1142,0,43
1143,0,43
1144,4,39
1145,0,43
1146,0,42
1147,0,42
1148,0,42
1149,6,36
1150,0,42
1151,0,42
1152,0,42
1153,1,41
1154,0,42
1155,0,42
1156,39,3
1157,13,29
1158,0,42
1159,0,42
1160,0,42
1161,0,42
1162,0,42
1163,0,42
1164,0,42
1165,0,42
1166,0,42
1167,0,42
1168,0,42
1169,0,42
1170,0,42
1171,0,42
1172,0,42
1173,0,42
1174,0,42
1175,0,42
1176,3,39
1177,0,42
1178,0,42
1179,0,42
1180,0,42
1181,0,42
1182,0,42
1183,0,42
1184,0,42
1185,0,42
1186,0,42
1187,26,16
1188,27,15
1189,0,42
1190,0,42
1191,34,8
1192,0,42
1193,0,42
1194,0,42
1195,11,31
1196,24,18
1197,7,35
1198,0,42
1199,0,42
1200,0,42
1201,0,42
1202,0,42
1203,0,42
1204,0,42
1205,0,42
1206,41,1
1207,0,42
1208,0,42
1209,0,42
1210,0,42
1211,0,41
1212,0,41
1213,0,41
1214,34,7
1215,0,41
1216,0,41
1217,0,41
1218,0,41
1219,22,19
1220,0,41
1221,0,41
1222,0,41
1223,0,41
1224,0,41
1225,0,41
1226,1,40
1227,0,41
1228,0,41
1229,0,41
1230,0,41
1231,0,41
1232,0,41
1233,0,41
1234,0,41
1235,0,41
1236,0,41
1237,0,41
1238,0,41
1239,0,41
1240,0,41
1241,0,41
1242,0,41
1243,0,41
1244,0,41
1245,23,18
1246,2,39
1247,0,41
1248,0,41
1249,29,12
1250,0,41
1251,0,41
1252,0,41
1253,0,41
1254,1,40
1255,0,41
1256,0,41
1257,0,41
1258,0,41
1259,0,41
1260,0,41
1261,2,39
1262,19,22
1263,0,41
1264,1,40
1265,0,41
1266,0,41
1267,0,41
1268,0,41
1269,0,41
1270,0,41
1271,0,41
1272,0,41
1273,0,40
1274,0,40
1275,0,40
1276,0,40
1277,0,40
1278,0,40
1279,0,40
1280,1,39
1281,0,40
1282,0,40
1283,0,40
1284,0,40
1285,0,40
1286,3,37
1287,0,40
1288,1,39
1289,0,40
1290,0,40
1291,0,40
1292,0,40
1293,0,40
1294,0,40
1295,0,40
1296,0,40
1297,0,40
1298,0,40
1299,28,12
1300,0,40
1301,0,40
1302,0,40
1303,0,40
1304,34,6
1305,0,40
1306,3,37
1307,1,39
1308,2,38
1309,36,4
1310,0,40
1311,0,40
1312,0,40
1313,0,40
1314,0,40
1315,0,40
1316,0,40
1317,40,0
1318,0,40
1319,31,9
1320,0,40
1321,0,40
1322,33,7
1323,32,8
1324,0,40
1325,0,40
1326,34,6
1327,0,40
1328,0,40
1329,0,40
1330,0,40
1331,0,40
1332,0,40
1333,0,40
1334,38,2
1335,0,40
1336,1,39
1337,0,40
1338,0,40
1339,0,40
1340,0,40
1341,0,39
1342,0,39
1343,0,39
1344,39,0
1345,33,6
1346,0,39
1347,30,9
1348,7,32
1349,0,39
1350,0,39
1351,0,39
1352,0,39
1353,0,39
1354,0,39
1355,0,39
1356,0,39
1357,0,39
1358,0,39
1359,0,39
1360,0,39
1361,1,38
1362,0,39
1363,0,39
1364,0,39
1365,0,39
1366,5,34
1367,0,39
1368,0,39
1369,0,39
1370,0,39
1371,0,39
1372,0,39
1373,31,8
1374,0,39
1375,0,39
1376,0,39
1377,0,39
1378,0,39
1379,0,39
1380,0,39
1381,0,39
1382,0,39
1383,0,39
1384,0,39
1385,39,0
1386,38,1
1387,0,39
1388,0,39
1389,0,39
1390,0,39
1391,0,39
1392,0,39
1393,0,39
1394,0,39
1395,39,0
1396,0,39
1397,0,39
1398,0,39
1399,0,39
1400,0,39
1401,0,39
1402,0,39
1403,0,39
1404,0,39
1405,37,2
1406,9,30
1407,0,39
1408,0,39
1409,0,38
1410,0,38
1411,2,36
1412,15,23
1413,0,38
1414,0,38
1415,1,37
1416,0,38
1417,0,38
1418,2,36
1419,0,38
1420,0,38
1421,0,38
1422,0,38
1423,0,38
1424,0,38
1425,1,37
1426,0,38
1427,0,38
1428,0,38
1429,0,38
1430,38,0
1431,0,38
1432,26,12
1433,0,38
1434,1,37
1435,0,38
1436,0,38
1437,0,38
1438,0,38
1439,0,38
1440,0,38
1441,0,38
1442,0,38
1443,18,20
1444,0,38
1445,0,38
1446,38,0
1447,0,38
1448,0,38
1449,36,2
1450,0,38
1451,0,38
1452,0,38
1453,10,28
1454,33,5
1455,0,38
1456,0,38
1457,0,38
1458,0,38
1459,0,38
1460,0,38
1461,3,35
1462,2,36
1463,0,38
1464,0,38
1465,0,38
1466,37,1
1467,0,38
1468,0,38
1469,0,38
1470,0,38
1471,0,38
1472,2,36
1473,35,2
1474,0,37
1475,0,37
1476,0,37
1477,0,37
1478,1,36
1479,0,37
1480,0,37
1481,3,34
1482,0,37
1483,0,37
1484,6,31
1485,0,37
1486,0,37
1487,0,37
1488,3,34
1489,0,37
1490,0,37
1491,0,37
1492,0,37
1493,0,37
1494,0,37
1495,0,37
1496,0,37
1497,0,37
1498,19,18
1499,0,37
1500,0,37
1501,0,37
1502,0,37
1503,0,37
1504,0,37
1505,0,37
1506,0,37
1507,0,37
1508,0,37
1509,0,37
1510,0,37
1511,3,34
1512,0,37
1513,0,37
1514,0,37
1515,0,37
1516,0,37
1517,0,37
1518,32,5
1519,0,37
1520,0,37
1521,35,2
1522,0,37
1523,0,37
1524,0,37
1525,0,37
1526,0,37
1527,0,37
1528,0,37
1529,0,37
1530,0,37
1531,0,37
1532,0,37
1533,20,17
1534,1,36
1535,0,37
1536,0,37
1537,1,36
1538,0,37
1539,0,37
1540,0,37
1541,0,37
1542,0,37
1543,0,37
1544,4,33
1545,37,0
1546,29,8
1547,0,36
1548,0,36
1549,22,14
1550,0,36
1551,0,36
1552,0,36
1553,0,36
1554,14,22
1555,0,36
1556,1,35
1557,0,36
1558,0,36
1559,0,36
1560,0,36
1561,31,5
1562,0,36
1563,16,20
1564,0,36
1565,0,36
1566,0,36
1567,1,35
1568,0,36
1569,0,36
1570,28,8
1571,0,36
1572,0,36
1573,0,36
1574,0,36
1575,0,36
1576,0,36
1577,0,36
1578,33,3
1579,0,36
1580,13,23
1581,7,29
1582,0,36
1583,0,36
1584,36,0
1585,0,36
1586,0,36
1587,0,36
1588,0,36
1589,0,36
1590,0,36
1591,0,36
1592,0,36
1593,0,36
1594,0,36
1595,0,36
1596,0,36
1597,35,1
1598,0,36
1599,0,36
1600,0,36
1601,0,36
1602,0,36
1603,0,36
1604,0,36
1605,0,36
1606,0,36
1607,0,36
1608,18,18
1609,0,36
1610,2,34
1611,0,36
1612,25,10
1613,0,35
1614,0,35
1615,5,30
1616,0,35
1617,0,35
1618,0,35
1619,0,35
1620,0,35
1621,0,35
1622,2,33
1623,29,6
1624,0,35
1625,34,1
1626,2,33
1627,0,35
1628,0,35
1629,0,35
1630,0,35
1631,2,33
1632,3,32
1633,0,35
1634,0,35
1635,0,35
1636,0,35
1637,0,35
1638,10,25
1639,13,22
1640,0,35
1641,0,35
1642,0,35
1643,0,35
1644,1,34
1645,0,35
1646,8,27
1647,0,35
1648,0,35
1649,0,35
1650,0,35
1651,0,35
1652,0,35
1653,0,35
1654,0,35
1655,0,35
1656,0,35
1657,0,35
1658,0,35
1659,0,35
1660,0,35
1661,0,35
1662,34,1
1663,0,35
1664,0,35
1665,0,35
1666,0,35
1667,31,4
1668,5,30
1669,1,34
1670,34,1
1671,0,35
1672,0,35
1673,0,35
1674,0,35
1675,0,35
1676,0,35
1677,1,34
1678,0,35
1679,0,35
1680,35,0
1681,0,35
1682,0,34
1683,0,34
1684,0,34
1685,0,34
1686,0,34
1687,0,34
1688,3,31
1689,0,34
1690,0,34
1691,0,34
1692,0,34
1693,0,34
1694,0,34
1695,2,32
1696,0,34
1697,0,34
1698,0,34
1699,0,34
1700,2,32
1701,0,34
1702,0,34
1703,0,34
1704,0,34
1705,0,34
1706,0,34
1707,0,34
1708,0,34
1709,2,32
1710,0,34
1711,0,34
1712,0,34
1713,0,34
1714,0,34
1715,0,34
1716,0,34
1717,0,34
1718,0,34
1719,0,34
1720,0,34
1721,2,32
1722,0,34
1723,1,33
1724,0,34
1725,0,34
1726,0,34
1727,0,34
1728,0,34
1729,34,0
1730,0,34
1731,0,34
1732,0,34
1733,0,34
1734,0,34
1735,0,34
1736,31,3
1737,0,34
1738,0,34
1739,0,34
1740,12,22
1741,0,34
1742,0,34
1743,3,31
1744,6,28
1745,0,34
1746,0,34
1747,31,3
1748,0,34
1749,0,34
1750,0,34
1751,0,34
1752,0,34
1753,0,34
1754,0,34
1755,0,34
1756,0,34
1757,20,14
1758,0,34
1759,0,33
1760,1,32
1761,3,30
1762,0,33
1763,31,2
1764,33,0
1765,0,33
1766,0,33
1767,0,33
1768,0,33
1769,0,33
1770,0,33
1771,0,33
1772,33,0
1773,0,33
1774,0,33
1775,0,33
1776,0,33
1777,0,33
1778,30,3
1779,0,33
1780,18,15
1781,0,33
1782,0,33
1783,0,33
1784,0,33
1785,1,32
1786,0,33
1787,0,33
1788,22,11
1789,30,3
1790,0,33
1791,0,33
1792,0,33
1793,0,33
1794,0,33
1795,0,33
1796,0,33
1797,0,33
1798,27,6
1799,1,32
1800,0,33
1801,0,33
1802,0,33
1803,0,33
1804,0,33
1805,33,0
1806,2,31
1807,28,5
1808,0,33
1809,0,33
1810,0,33
1811,0,33
1812,32,1
1813,0,33
1814,0,33
1815,0,33
1816,0,33
1817,1,32
1818,0,33
1819,0,33
1820,7,26
1821,19,14
1822,0,33
1823,0,33
1824,0,33
1825,0,33
1826,0,33
1827,0,33
1828,0,33
1829,28,5
1830,33,0
1831,0,33
1832,0,33
1833,0,33
1834,0,32
1835,0,32
1836,0,32
1837,0,32
1838,0,32
1839,0,32
1840,0,32
1841,24,8
1842,0,32
1843,0,32
1844,0,32
1845,0,32
1846,0,32
1847,0,32
1848,0,32
1849,0,32
1850,1,31
1851,1,31
1852,29,3
1853,0,32
1854,0,32
1855,0,32
1856,0,32
1857,0,32
1858,0,32
1859,1,31
1860,0,32
1861,0,32
1862,0,32
1863,32,0
1864,0,32
1865,0,32
1866,25,7
1867,0,32
1868,0,32
1869,10,22
1870,0,32
1871,23,9
1872,0,32
1873,0,32
1874,0,32
1875,32,0
1876,10,22
1877,0,32
1878,0,32
1879,0,32
1880,4,28
1881,0,32
1882,9,23
1883,0,32
1884,0,32
1885,0,32
1886,0,32
1887,0,32
1888,0,32
1889,0,32
1890,0,32
1891,1,31
1892,0,32
1893,1,31
1894,0,32
1895,16,16
1896,0,32
1897,13,19
1898,5,27
1899,0,32
1900,0,32
1901,0,32
1902,0,32
1903,3,29
1904,0,32
1905,0,32
1906,2,30
1907,0,32
1908,0,32
1909,0,32
1910,0,32
1911,0,32
1912,0,32
1913,0,31
1914,31,0
1915,0,31
1916,31,0
1917,0,31
1918,0,31
1919,27,4
1920,9,22
1921,15,16
1922,0,31
1923,0,31
1924,0,31
1925,0,31
1926,0,31
1927,0,31
1928,26,5
1929,0,31
1930,2,29
1931,25,6
1932,0,31
1933,0,31
1934,0,31
1935,0,31
1936,0,31
1937,0,31
1938,0,31
1939,0,31
1940,0,31
1941,0,31
1942,2,29
1943,0,31
1944,0,31
1945,0,31
1946,0,31
1947,0,31
1948,0,31
1949,0,31
1950,0,31
1951,10,21
1952,26,5
1953,0,31
1954,0,31
1955,0,31
1956,0,31
1957,2,29
1958,0,31
1959,0,31
1960,3,28
1961,0,31
1962,0,31
1963,1,30
1964,0,31
1965,2,29
1966,0,31
1967,0,31
1968,17,14
1969,0,31
1970,0,31
1971,0,31
1972,4,27
1973,0,31
1974,0,31
1975,19,12
1976,3,28
1977,0,31
1978,0,31
1979,24,7
1980,0,31
1981,0,30
1982,0,30
1983,0,30
1984,0,30
1985,5,25
1986,0,30
1987,16,14
1988,23,7
1989,1,29
1990,0,30
1991,0,30
1992,0,30
1993,0,30
1994,0,30
1995,3,27
1996,0,30
1997,0,30
1998,0,30
1999,0,30
2000,0,30
2001,0,30
2002,0,30
2003,0,30
2004,0,30
2005,1,29
2006,0,30
2007,0,30
2008,28,2
2009,3,27
2010,29,1
2011,0,30
2012,0,30
2013,0,30
2014,0,30
2015,0,30
2016,0,30
2017,0,30
2018,0,30
2019,3,27
2020,0,30
2021,29,1
2022,0,30
2023,19,11
2024,0,30
2025,0,30
2026,0,30
2027,0,30
2028,0,30
2029,0,30
2030,0,30
2031,0,30
2032,0,30
2033,0,30
2034,0,30
2035,0,30
2036,0,30
2037,0,30
2038,0,30
2039,0,30
2040,0,30
2041,0,30
2042,20,10
2043,0,30
2044,0,30
2045,0,30
2046,26,4
2047,0,30
2048,0,30
2049,0,30
2050,0,29
2051,0,29
2052,0,29
2053,0,29
2054,0,29
2055,27,2
2056,0,29
2057,0,29
2058,0,29
2059,0,29
2060,0,29
2061,0,29
2062,0,29
2063,0,29
2064,14,15
2065,0,29
2066,0,29
2067,0,29
2068,0,29
2069,0,29
2070,0,29
2071,0,29
2072,0,29
2073,0,29
2074,0,29
2075,0,29
2076,0,29
2077,0,29
2078,0,29
2079,0,29
2080,0,29
2081,0,29
2082,21,8
2083,1,28
2084,0,29
2085,0,29
2086,1,28
2087,0,29
2088,0,29
2089,0,29
2090,0,29
2091,0,29
2092,0,29
2093,0,29
2094,0,29
2095,22,7
2096,26,3
2097,0,29
2098,0,29
2099,1,28
2100,0,29
2101,0,29
2102,1,28
2103,0,29
2104,0,29
2105,0,29
2106,0,29
2107,0,29
2108,0,29
2109,0,29
2110,0,29
2111,0,29
2112,0,29
2113,0,29
2114,1,28
2115,7,22
2116,0,29
2117,29,0
2118,0,28
2119,28,0
2120,0,28
2121,0,28
2122,0,28
2123,25,3
2124,2,26
2125,0,28
2126,2,26
2127,0,28
2128,6,22
2129,0,28
2130,1,27
2131,0,28
2132,0,28
2133,9,19
2134,0,28
2135,0,28
2136,0,28
2137,12,16
2138,0,28
2139,25,3
2140,2,26
2141,8,20
2142,0,28
2143,0,28
2144,0,28
2145,0,28
2146,0,28
2147,2,26
2148,0,28
2149,23,5
2150,1,27
2151,1,27
2152,0,28
2153,0,28
2154,27,1
2155,0,28
2156,0,28
2157,0,28
2158,23,5
2159,0,28
2160,0,28
2161,1,27
2162,0,28
2163,0,28
2164,0,28
2165,0,28
2166,0,28
2167,0,28
2168,0,28
2169,0,28
2170,0,28
2171,27,1
2172,0,28
2173,0,28
2174,15,13
2175,1,27
2176,0,28
2177,0,28
2178,28,0
2179,0,28
2180,0,28
2181,0,28
2182,0,28
2183,5,23
2184,0,28
2185,0,28
2186,0,28
2187,0,28
2188,0,28
2189,0,28
2190,0,28
2191,0,28
2192,13,15
2193,0,28
2194,0,27
2195,0,27
2196,3,24
2197,3,24
2198,0,27
2199,0,27
2200,0,27
2201,0,27
2202,0,27
2203,0,27
2204,0,27
2205,0,27
2206,2,25
2207,3,24
2208,1,26
2209,0,27
2210,0,27
2211,0,27
2212,2,25
2213,0,27
2214,0,27
2215,0,27
2216,2,25
2217,0,27
2218,0,27
2219,0,27
2220,0,27
2221,21,6
2222,1,26
2223,0,27
2224,26,1
2225,0,27
2226,0,27
2227,0,27
2228,1,26
2229,0,27
2230,0,27
2231,12,15
2232,2,25
2233,0,27
2234,4,23
2235,0,27
2236,0,27
2237,0,27
2238,0,27
2239,22,5
2240,0,27
2241,24,3
2242,0,27
2243,23,4
2244,0,27
2245,0,27
2246,0,27
2247,0,27
2248,0,27
2249,0,26
2250,0,26
2251,17,9
2252,0,26
2253,0,26
2254,0,26
2255,0,26
2256,1,25
2257,0,26
2258,26,0
2259,8,18
2260,0,26
2261,0,26
2262,0,26
2263,0,26
2264,26,0
2265,15,11
2266,25,1
2267,5,21
2268,0,26
2269,0,26
2270,0,26
2271,0,26
2272,11,15
2273,0,26
2274,0,26
2275,0,26
2276,13,13
2277,0,26
2278,0,26
2279,0,26
2280,1,25
2281,0,26
2282,0,26
2283,0,26
2284,0,26
2285,12,14
2286,18,8
2287,2,24
2288,0,26
2289,0,26
2290,0,26
2291,0,26
2292,0,26
2293,8,18
2294,0,26
2295,0,26
2296,0,26
2297,0,26
2298,0,26
2299,3,23
2300,0,26
2301,0,26
2302,0,26
2303,11,15
2304,26,0
2305,20,6
2306,0,26
2307,0,26
2308,3,23
2309,0,26
2310,0,26
2311,3,22
2312,1,24
2313,2,23
2314,0,25
2315,0,25
2316,0,25
2317,0,25
2318,0,25
2319,24,1
2320,0,25
2321,0,25
2322,0,25
2323,22,3
2324,0,25
2325,7,18
2326,0,25
2327,2,23
2328,4,21
2329,0,25
2330,0,25
2331,0,25
2332,0,25
2333,0,25
2334,0,25
2335,0,25
2336,0,25
2337,16,9
2338,18,7
2339,0,25
2340,0,25
2341,0,25
2342,0,25
2343,0,25
2344,0,25
2345,19,6
2346,0,25
2347,0,25
2348,0,25
2349,0,25
2350,1,24
2351,0,25
2352,0,25
2353,0,25
2354,8,17
2355,0,25
2356,0,25
2357,0,25
2358,4,21
2359,3,22
2360,0,25
2361,0,25
2362,0,25
2363,0,25
2364,7,18
2365,0,25
2366,22,3
2367,0,25
2368,0,25
2369,0,25
2370,0,25
2371,24,1
2372,0,25
2373,1,24
2374,6,19
2375,0,25
2376,1,24
2377,0,25
2378,0,25
2379,0,25
2380,0,25
2381,0,25
2382,25,0
2383,0,25
2384,8,17
2385,0,25
2386,0,25
2387,0,25
2388,1,23
2389,24,0
2390,0,24
2391,3,21
2392,1,23
2393,1,23
2394,15,9
2395,10,14
2396,0,24
2397,19,5
2398,0,24
2399,0,24
2400,0,24
2401,0,24
2402,2,22
2403,3,21
2404,0,24
2405,0,24
2406,0,24
2407,0,24
2408,20,4
2409,1,23
2410,0,24
2411,0,24
2412,0,24
2413,1,23
2414,0,24
2415,1,23
2416,0,24
2417,0,24
2418,0,24
2419,0,24
2420,0,24
2421,0,24
2422,0,24
2423,7,17
2424,0,24
2425,5,19
2426,0,24
2427,8,16
2428,0,24
2429,22,2
2430,0,24
2431,0,24
2432,0,24
2433,7,17
2434,13,11
2435,0,24
2436,23,1
2437,0,24
2438,1,23
2439,0,24
2440,0,24
2441,2,22
2442,0,24
2443,0,24
2444,2,22
2445,0,24
2446,0,24
2447,0,24
2448,0,24
2449,3,21
2450,1,23
2451,0,24
2452,0,24
2453,0,24
2454,0,24
2455,2,22
2456,5,19
2457,0,24
2458,2,21
2459,0,23
2460,0,23
2461,0,23
2462,0,23
2463,21,2
2464,21,2
2465,0,23
2466,22,1
2467,0,23
2468,0,23
2469,0,23
2470,0,23
2471,5,18
2472,0,23
2473,0,23
2474,0,23
2475,0,23
2476,0,23
2477,0,23
2478,2,21
2479,0,23
2480,0,23
2481,0,23
2482,0,23
2483,0,23
2484,10,13
2485,0,23
2486,0,23
2487,0,23
2488,1,22
2489,0,23
2490,1,22
2491,20,3
2492,0,23
2493,0,23
2494,0,23
2495,0,23
2496,10,13
2497,0,23
2498,3,20
2499,0,23
2500,18,5
2501,0,23
2502,0,23
2503,23,0
2504,0,23
2505,0,22
2506,0,22
2507,2,20
2508,0,22
2509,0,22
2510,0,22
2511,10,12
2512,0,22
2513,0,22
2514,0,22
2515,18,4
2516,0,22
2517,0,22
2518,21,1
2519,0,22
2520,0,22
2521,0,22
2522,1,21
2523,0,22
2524,0,22
2525,0,22
2526,0,22
2527,0,22
2528,2,20
2529,0,22
2530,0,22
2531,0,22
2532,0,22
2533,0,22
2534,1,21
2535,1,21
2536,6,16
2537,0,22
2538,22,0
2539,0,22
2540,0,22
2541,19,3
2542,0,22
2543,0,22
2544,22,0
2545,0,22
2546,0,22
2547,0,22
2548,0,22
2549,0,22
2550,22,0
2551,0,22
2552,12,10
2553,0,22
2554,0,22
2555,1,21
2556,0,22
2557,0,22
2558,0,22
2559,1,21
2560,0,22
2561,0,22
2562,1,21
2563,0,22
2564,14,8
2565,0,22
2566,0,22
2567,20,2
2568,0,22
2569,0,22
2570,0,22
2571,0,22
2572,0,21
2573,7,14
2574,0,21
2575,0,21
2576,6,15
2577,0,21
2578,0,21
2579,0,21
2580,0,21
2581,0,21
2582,0,21
2583,21,0
2584,10,11
2585,0,21
2586,1,20
2587,17,4
2588,0,21
2589,18,3
2590,0,21
2591,0,21
2592,7,14
2593,2,19
2594,11,10
2595,20,1
2596,0,21
2597,0,21
2598,1,20
2599,2,19
2600,0,21
2601,4,17
2602,0,21
2603,0,21
2604,0,21
2605,1,20
2606,6,15
2607,0,21
2608,0,21
2609,0,21
2610,0,21
2611,0,21
2612,2,19
2613,0,21
2614,0,21
2615,0,21
2616,0,21
2617,0,21
2618,0,21
2619,0,21
2620,0,21
2621,0,21
2622,18,3
2623,1,20
2624,0,21
2625,0,21
2626,1,20
2627,0,21
2628,3,18
2629,0,21
2630,1,20
2631,21,0
2632,0,21
2633,0,21
2634,0,21
2635,0,21
2636,0,21
2637,17,4
2638,0,21
2639,4,17
2640,0,21
2641,1,20
2642,15,6
2643,0,21
2644,0,21
2645,1,20
2646,2,19
2647,1,19
2648,0,20
2649,0,20
2650,0,20
2651,4,16
2652,2,18
2653,0,20
2654,17,3
2655,1,19
2656,18,2
2657,0,20
2658,0,20
2659,0,20
2660,5,15
2661,6,14
2662,0,20
2663,0,20
2664,2,18
2665,1,19
2666,18,2
2667,0,20
2668,0,20
2669,0,20
2670,0,20
2671,0,20
2672,0,20
2673,1,19
2674,0,20
2675,0,20
2676,0,20
2677,0,20
2678,1,19
2679,1,19
2680,0,20
2681,0,20
2682,20,0
2683,0,20
2684,0,20
2685,5,15
2686,0,20
2687,1,19
2688,0,20
2689,12,8
2690,1,19
2691,0,20
2692,0,20
2693,0,20
2694,0,20
2695,1,19
2696,0,20
2697,0,20
2698,0,20
2699,0,20
2700,4,16
2701,19,1
2702,0,20
2703,0,20
2704,0,20
2705,19,1
2706,0,20
2707,0,19
2708,0,19
2709,0,19
2710,0,19
2711,1,18
2712,0,19
2713,0,19
2714,0,19
2715,0,19
2716,7,12
2717,0,19
2718,18,1
2719,0,19
2720,3,16
2721,2,17
2722,0,19
2723,1,18
2724,0,19
2725,0,19
2726,0,19
2727,0,19
2728,1,18
2729,15,4
2730,0,19
2731,0,19
2732,1,18
2733,0,19
2734,9,10
2735,0,19
2736,0,19
2737,13,6
2738,2,17
2739,0,19
2740,3,16
2741,1,18
2742,4,15
2743,0,19
2744,18,1
2745,3,16
2746,7,12
2747,0,19
2748,0,19
2749,0,19
2750,0,19
2751,0,19
2752,1,18
2753,0,19
2754,0,19
2755,9,10
2756,0,19
2757,0,19
2758,0,19
2759,0,19
2760,19,0
2761,11,8
2762,11,8
2763,1,18
2764,0,19
2765,0,19
2766,1,18
2767,0,19
2768,0,19
2769,4,15
2770,0,19
2771,3,16
2772,0,19
2773,18,1
2774,0,19
2775,0,19
2776,0,19
2777,17,2
2778,0,19
2779,0,19
2780,0,19
2781,0,19
2782,0,19
2783,13,6
2784,0,19
2785,16,3
2786,18,1
2787,0,19
2788,0,19
2789,0,19
2790,0,19
2791,0,18
2792,0,18
2793,7,11
2794,0,18
2795,1,17
2796,1,17
2797,0,18
2798,0,18
2799,0,18
2800,3,15
2801,1,17
2802,0,18
2803,0,18
2804,0,18
2805,18,0
2806,10,8
2807,8,10
2808,1,17
2809,0,18
2810,0,18
2811,0,18
2812,1,17
2813,0,18
2814,1,17
2815,0,18
2816,0,18
2817,10,8
2818,7,11
2819,6,12
2820,0,18
2821,0,18
2822,0,18
2823,0,18
2824,0,18
2825,0,18
2826,0,18
2827,2,16
2828,0,18
2829,0,18
2830,4,14
2831,0,18
2832,0,18
2833,18,0
2834,0,18
2835,0,18
2836,5,13
2837,0,18
2838,0,18
2839,0,18
2840,0,18
2841,0,18
2842,0,18
2843,0,18
2844,15,3
2845,0,18
2846,2,16
2847,0,18
2848,0,18
2849,12,6
2850,0,18
2851,1,17
2852,6,12
2853,1,17
2854,1,17
2855,0,18
2856,14,4
2857,4,14
2858,0,18
2859,0,18
2860,0,18
2861,13,5
2862,0,18
2863,1,17
2864,0,18
2865,0,18
2866,7,11
2867,0,18
2868,0,18
2869,0,18
2870,0,18
2871,17,1
2872,15,3
2873,0,17
2874,0,17
2875,16,1
2876,17,0
2877,0,17
2878,0,17
2879,0,17
2880,0,17
2881,0,17
2882,16,1
2883,0,17
2884,4,13
2885,9,8
2886,0,17
2887,0,17
2888,0,17
2889,0,17
2890,0,17
2891,0,17
2892,15,2
2893,3,14
2894,0,17
2895,0,17
2896,14,3
2897,12,5
2898,16,1
2899,0,17
2900,0,17
2901,0,17
2902,0,17
2903,0,17
2904,0,17
2905,0,17
2906,4,13
2907,1,16
2908,0,17
2909,0,17
2910,0,17
2911,11,6
2912,0,17
2913,10,7
2914,3,14
2915,16,1
2916,0,17
2917,5,12
2918,3,14
2919,0,17
2920,8,9
2921,1,16
2922,16,1
2923,0,17
2924,0,17
2925,0,17
2926,9,8
2927,0,17
2928,0,17
2929,5,12
2930,0,17
2931,0,17
2932,10,7
2933,0,17
2934,0,17
2935,0,17
2936,14,3
2937,0,17
2938,0,17
2939,0,17
2940,0,17
2941,0,17
2942,10,7
2943,0,17
2944,16,1
2945,0,17
2946,17,0
2947,0,17
2948,0,17
2949,0,17
2950,0,17
2951,0,17
2952,6,11
2953,8,9
2954,14,3
2955,0,17
2956,14,3
2957,0,17
2958,0,16
2959,0,16
2960,0,16
2961,0,16
2962,0,16
2963,0,16
2964,0,16
2965,0,16
2966,0,16
2967,0,16
2968,0,16
2969,11,5
2970,1,15
2971,0,16
2972,0,16
2973,16,0
2974,15,1
2975,0,16
2976,0,16
2977,0,16
2978,0,16
2979,0,16
2980,0,16
2981,0,16
2982,0,16
2983,0,16
2984,0,16
2985,0,16
2986,0,16
2987,1,15
2988,0,16
2989,0,16
2990,0,16
2991,4,12
2992,6,10
2993,0,16
2994,11,5
2995,0,16
2996,0,16
2997,0,16
2998,2,14
2999,11,5
3000,0,16
3001,0,16
3002,0,16
3003,0,16
3004,0,16
3005,14,2
3006,0,16
3007,0,16
3008,1,15
3009,1,15
3010,0,16
3011,0,16
3012,0,16
3013,6,10
3014,0,16
3015,1,15
3016,14,2
3017,0,16
3018,1,15
3019,0,16
3020,0,16
3021,0,16
3022,0,16
3023,16,0
3024,1,15
3025,0,16
3026,14,2
3027,0,16
3028,1,15
3029,8,8
3030,8,8
3031,0,16
3032,0,16
3033,0,16
3034,0,16
3035,0,16
3036,0,16
3037,0,16
3038,0,16
3039,0,16
3040,0,16
3041,7,9
3042,1,14
3043,1,14
3044,0,15
3045,0,15
3046,0,15
3047,1,14
3048,0,15
3049,2,13
3050,1,14
3051,0,15
3052,2,13
3053,0,15
3054,0,15
3055,0,15
3056,1,14
3057,0,15
3058,0,15
3059,4,11
3060,5,10
3061,0,15
3062,15,0
3063,15,0
3064,0,15
3065,0,15
3066,0,15
3067,15,0
3068,0,15
3069,0,15
3070,8,7
3071,0,15
3072,1,14
3073,0,15
3074,0,15
3075,0,15
3076,0,15
3077,15,0
3078,0,15
3079,0,15
3080,0,15
3081,1,14
3082,0,15
3083,2,13
3084,0,15
3085,0,15
3086,15,0
3087,1,14
3088,0,15
3089,0,15
3090,0,15
3091,0,15
3092,0,15
3093,0,15
3094,0,15
3095,0,15
3096,0,15
3097,0,15
3098,1,14
3099,0,15
3100,0,15
3101,0,15
3102,0,15
3103,10,5
3104,0,15
3105,0,15
3106,3,12
3107,0,15
3108,0,15
3109,0,15
3110,0,15
3111,12,3
3112,0,15
3113,8,7
3114,2,13
3115,0,15
3116,12,3
3117,3,12
3118,0,15
3119,0,15
3120,0,15
3121,1,14
3122,0,15
3123,10,5
3124,0,15
3125,0,15
3126,0,15
3127,0,15
3128,0,15
3129,0,15
3130,0,15
3131,0,15
3132,12,3
3133,0,15
3134,1,14
3135,0,15
3136,0,15
3137,0,15
3138,0,14
3139,13,1
3140,0,14
3141,14,0
3142,10,4
3143,13,1
3144,0,14
3145,0,14
3146,1,13
3147,0,14
3148,0,14
3149,0,14
3150,0,14
3151,0,14
3152,0,14
3153,11,3
3154,0,14
3155,0,14
3156,12,2
3157,10,4
3158,0,14
3159,6,8
3160,0,14
3161,0,14
3162,3,11
3163,0,14
3164,13,1
3165,0,14
3166,12,2
3167,1,13
3168,0,14
3169,0,14
3170,0,14
3171,13,1
3172,9,5
3173,1,13
3174,13,1
3175,0,14
3176,0,14
3177,14,0
3178,13,1
3179,0,14
3180,7,7
3181,0,14
3182,0,14
3183,0,14
3184,0,14
3185,0,14
3186,1,13
3187,0,14
3188,1,13
3189,0,14
3190,0,14
3191,0,14
3192,0,14
3193,0,14
3194,0,14
3195,10,4
3196,6,8
3197,0,14
3198,0,14
3199,8,6
3200,7,7
3201,2,12
3202,14,0
3203,0,14
3204,0,14
3205,5,9
3206,7,7
3207,13,1
3208,4,10
3209,1,13
3210,7,7
3211,0,14
3212,0,14
3213,0,14
3214,0,14
3215,1,13
3216,0,14
3217,4,10
3218,0,14
3219,0,14
3220,12,2
3221,0,14
3222,0,14
3223,0,14
3224,0,14
3225,0,14
3226,0,14
3227,0,14
3228,0,14
3229,9,5
3230,0,14
3231,11,3
3232,0,14
3233,0,14
3234,0,14
3235,1,13
3236,1,13
3237,0,14
3238,0,14
3239,0,14
3240,0,14
3241,1,13
3242,0,14
3243,0,14
3244,0,13
3245,7,6
3246,0,13
3247,1,12
3248,0,13
3249,2,11
3250,0,13
3251,7,6
3252,10,3
3253,0,13
3254,0,13
3255,0,13
3256,1,12
3257,12,1
3258,1,12
3259,0,13
3260,0,13
3261,0,13
3262,11,2
3263,0,13
3264,0,13
3265,2,11
3266,9,4
3267,10,3
3268,13,0
3269,13,0
3270,0,13
3271,0,13
3272,0,13
3273,0,13
3274,0,13
3275,0,13
3276,0,13
3277,2,11
3278,4,9
3279,10,3
3280,1,12
3281,0,13
3282,2,11
3283,0,13
3284,0,13
3285,0,13
3286,0,13
3287,0,13
3288,2,11
3289,0,13
3290,1,12
3291,1,12
3292,0,13
3293,0,13
3294,0,13
3295,0,13
3296,11,2
3297,12,1
3298,12,1
3299,0,13
3300,0,13
3301,0,13
3302,0,13
3303,0,13
3304,0,13
3305,0,13
3306,0,13
3307,0,13
3308,0,13
3309,1,12
3310,0,13
3311,0,13
3312,5,8
3313,0,13
3314,3,10
3315,9,4
3316,0,13
3317,0,13
3318,0,13
3319,0,13
3320,0,13
3321,7,6
3322,12,1
3323,0,13
3324,0,13
3325,0,13
3326,4,9
3327,0,13
3328,0,13
3329,0,13
3330,0,13
3331,0,13
3332,6,7
3333,0,12
3334,0,12
3335,0,12
3336,10,2
3337,10,2
3338,0,12
3339,0,12
3340,0,12
3341,0,12
3342,5,7
3343,0,12
3344,0,12
3345,2,10
3346,0,12
3347,0,12
3348,0,12
3349,0,12
3350,0,12
3351,0,12
3352,11,1
3353,0,12
3354,0,12
3355,0,12
3356,4,8
3357,0,12
3358,0,12
3359,0,12
3360,0,12
3361,6,6
3362,2,10
3363,0,12
3364,0,12
3365,0,12
3366,2,10
3367,7,5
3368,0,12
3369,0,12
3370,0,12
3371,2,10
3372,0,12
3373,11,1
3374,0,12
3375,1,11
3376,0,12
3377,1,11
3378,0,12
3379,8,4
3380,0,12
3381,0,12
3382,0,12
3383,0,12
3384,0,12
3385,0,12
3386,9,3
3387,12,0
3388,0,12
3389,0,12
3390,0,12
3391,0,12
3392,0,12
3393,0,12
3394,2,10
3395,11,1
3396,0,12
3397,0,12
3398,0,12
3399,0,12
3400,0,12
3401,0,12
3402,2,10
3403,0,12
3404,3,9
3405,0,12
3406,0,12
3407,0,12
3408,1,11
3409,1,11
3410,0,12
3411,0,12
3412,8,4
3413,0,12
3414,0,12
3415,0,12
3416,1,11
3417,10,2
3418,0,12
3419,1,11
3420,0,12
3421,0,12
3422,7,5
3423,0,12
3424,0,12
3425,0,12
3426,0,12
3427,12,0
3428,0,11
3429,0,11
3430,0,11
3431,3,8
3432,9,2
3433,0,11
3434,0,11
3435,0,11
3436,0,11
3437,10,1
3438,0,11
3439,1,10
3440,0,11
3441,0,11
3442,0,11
3443,0,11
3444,0,11
3445,0,11
3446,1,10
3447,0,11
3448,0,11
3449,0,11
3450,1,10
3451,0,11
3452,1,10
3453,0,11
3454,0,11
3455,0,11
3456,0,11
3457,0,11
3458,0,11
3459,3,8
3460,0,11
3461,11,0
3462,2,9
3463,0,11
3464,1,10
3465,0,11
3466,0,11
3467,7,4
3468,0,11
3469,8,3
3470,0,11
3471,2,9
3472,9,2
3473,0,11
3474,11,0
3475,0,11
3476,0,11
3477,0,11
3478,0,11
3479,0,11
3480,10,1
3481,1,10
3482,0,11
3483,6,5
3484,0,11
3485,0,11
3486,11,0
3487,0,11
3488,0,11
3489,0,11
3490,0,11
3491,3,8
3492,9,2
3493,9,2
3494,11,0
3495,1,10
3496,0,11
3497,2,9
3498,0,11
3499,0,11
3500,0,11
3501,0,11
3502,0,11
3503,0,11
3504,0,11
3505,5,6
3506,1,10
3507,7,4
3508,0,11
3509,0,11
3510,2,9
3511,0,11
3512,1,10
3513,0,11
3514,10,1
3515,0,11
3516,0,11
3517,3,8
3518,2,8
3519,0,10
3520,0,10
3521,0,10
3522,0,10
3523,9,1
3524,1,9
3525,0,10
3526,0,10
3527,0,10
3528,0,10
3529,0,10
3530,8,2
3531,0,10
3532,1,9
3533,7,3
3534,0,10
3535,9,1
3536,0,10
3537,8,2
3538,5,5
3539,2,8
3540,8,2
3541,0,10
3542,10,0
3543,1,9
3544,0,10
3545,9,1
3546,0,10
3547,9,1
3548,0,10
3549,0,10
3550,4,6
3551,0,10
3552,10,0
3553,0,10
3554,1,9
3555,0,10
3556,0,10
3557,0,10
